{"cameraMode":{"drawMode":0,"name":"Shaded","section":"Shading Mode"},"sceneLighting":true,"audioPlay":false,"sceneViewState":{"m_AlwaysRefresh":false,"showFog":true,"showSkybox":true,"showFlares":true,"showImageEffects":true,"showParticleSystems":true,"showVisualEffectGraphs":true,"m_FxEnabled":true},"in2DMode":false,"pivot":{"x":-0.6936258673667908,"y":11.174642562866211,"z":-7.7992095947265629},"rotation":{"x":0.3324897289276123,"y":0.016974633559584619,"z":-0.00598545977845788,"w":0.9429332613945007},"size":1.9321136474609376,"orthographic":false}