{"cameraMode":{"drawMode":0,"name":"Shaded","section":"Shading Mode"},"sceneLighting":true,"audioPlay":false,"sceneViewState":{"m_AlwaysRefresh":false,"showFog":true,"showSkybox":true,"showFlares":true,"showImageEffects":true,"showParticleSystems":true,"showVisualEffectGraphs":true,"m_FxEnabled":true},"in2DMode":false,"pivot":{"x":-1.0579936504364014,"y":13.9154634475708,"z":-10.209609985351563},"rotation":{"x":0.3746238648891449,"y":-0.005561833269894123,"z":0.0022500150371342899,"w":0.9271520376205444},"size":1.9321136474609376,"orthographic":false}